first_name,last_name,email,phone,password
Jacob,moran,j.moran@yahoo.in,8983457823,jacob@1234
ean ,illy,ean.illy@gmail.com,1787457362,ean1234
JAcob,MORAN,j.moran@yahoo.in,8983457823,jacob@1234
sachin ,Mohan,sachin@ulr.in,3456234156,hjdfaj125
Aaron,Mann,ni@oco.al,7643457234,fhfjhdbv9023
Eva,Strickland,sijutuse@lovertep.pe,4677987631,ean1234
Howard,Ray,taljera@nimiliw.tk,4795947208,gfdrwq3222
Gene,Cannon,hiphag@uhuporud.pl,79944790284,443dessf
Ophelia,Joseph,eroplu@hede.sb,776683934,Ophelia24
Lelia,Barker,jisdidic@nejfa.tw,7574992747,Leliart4325
Joseph,Lucas,dadwopmam@puhesiruv.za,5748574882,Joseph56743
Mark,Hopkins,fufanfe@esu.bn,8495764922,Mark445
Warren,Hopkins,owoholin@jillirzut.ss,8876966785,Warrentffgs
Luke,Fuller,dutrekcuw@nujen.sh,9922007563,Luke3433
Jean,Poole,maloami@noj.io,887735388,Jean34465
Minnie,Baker,buje@fak.zm,98776270057,Minnieetgfv
Lester,Perez,fot@rijmivu.sv,9909256927,Lesterfrtwsg
Jessie,Reid,noz@lis.ax,8485748872,Jessiegterg
Caleb,Bowers,zoeva@wa.dj,8426522974,Calebfrgrgge
Franklin,Rose,gohotiz@hek.lc,9287562982,Franklinre343
Hulda,Garrett,pecnophug@boj.cd,9287649275,Hulda54643
Allen,Welch,elo@fazrac.nr,7222222222,Alleneretgf
Matilda,Palmer,seazavoh@tofa.kn,9288888882,Matildaererfge
Lela,Silva,azjak@aji.sj,9842748287,Lela
Cecilia,Stokes,japseum@sa.tn,8722925572,Cecilia
Laura,Bush,pe@asawaul.lr,8274529092,Laura
Lester,Silva,gi@ketihju.aw,8547622956,Lester
Leona,Payne,homsas@suw.fm,9285454678,Leona
Clayton,Dawson,cin@uco.gr,5256873452,Clayton
Minnie,Holland,zobpujtej@codrarub.vc,2456322211,Minnie
Kenneth,Mack,zecotbas@isuviblu.fm,1456778412,Kenneth
Nina,Dawson,ukaim@vaga.rs,4666734211,Nina
Ronnie,Floyd,few@sozocil.pn,1435667842,Ronnie
Albert,Norton,gijveg@lelmu.br,2467853677,Albert
Agnes,Griffin,lem@afzogite.by,7462919786,Agnes
Tillie,Brock,wir@dava.ro,6743699247,Tillie
Lizzie,Waters,ikzad@fubuzo.jo,6774819937,Lizzie
Erik,Greer,tuiz@ceni.mr,7858665738,Erik
Travis,Wheeler,gud@petfi.cn,7836387648,Travis
Philip,Carter,edmez@luwbabpe.com,7568999836,Philip
Joel,Ford,ha@metweguf.tw,8937463483,Joel
Angel,Harvey,wikorjo@rakuro.org,7376365385,Angel
Gussie,Salazar,ji@wu.pm,7337499927,Gussie
Owen,Parks,kavualo@nonvuku.sa,9857492075,Owen
Shane,Johnson,kob@tumisu.mx,8734638757,Shane
Gertrude,Schultz,ipdiniv@gip.tl,5683882929,Gertrude
Violet,Gutierrez,lichiun@koboaso.ad,4756582992,Violet
Elmer,Potter,normanij@umtag.th,8748548929,Elmer
Linnie,Colon,vatzec@teradeka.hk,2562856858,Linnie
Georgie,Wilson,sogu@ja.yt,8748582922,Georgie
Joe,Richardson,rojotagi@kup.ad,8578492652,Joe
Warren,Conner,sivus@juh.bg,7856289286,Warren
Virgie,Barrett,sum@zeer.kz,7265862789,Virgie
Linnie,Roberson,ef@na.id,8275286252,Linnie
Eunice,Newton,vegceh@potnunev.ws,7265986522,Eunice
Sue,Love,iribu@zahe.kg,8983457825,Sue
Herman,Bowman,gavbene@vu.it,1787457364,Herman
Katharine,Horton,teebuip@emive.mz,8983457824,Katharine
Marc,Sherman,fijnu@luccu.zw,3456234155,Marc
Clifford,Cole,igeaf@nitejke.io,7643457232,Clifford
Irene,Rose,tov@bi.at,4677987634,Irene
Leah,Wells,di@ku.gm,4795947205,Leah
Marcus,Cain,wife@ogpavef.mv,7994479025,Marcus
Pearl,Johnson,kivarwaf@enuzin.io,7766839344,Pearl
Marion,Alvarado,cecorumi@izeluras.cm,7574992744,Marion
Rhoda,Washington,late@uge.er,5748574885,Rhoda
Jeffery,Thornton,la@ojdohig.tv,8495764923,Jeffery
Elsie,Pope,hozozali@ko.ht,8876966784,Elsie
Ian,Bowen,wogisle@hisafeg.na,9922007562,Ian
Jesus,Wagner,wumi@benjup.nl,8877353884,Jesus
Ivan,Paul,fu@vevo.ga,9877627004,Ivan
Francis,Chandler,jocli@jathelso.es,9909256921,Francis
Rose,Nunez,fa@tumsezjot.et,8485748875,Rose
Joe,Sherman,tuolaet@zul.wf,8426522976,Joe
Lizzie,Cortez,rop@birjoczo.mo,9287562987,Lizzie
Oscar,Ross,vabot@omgu.zm,9287649278,Oscar
Caroline,Holmes,ago@tonhawnul.wf,7222222223,Caroline
Joe,Gill,erzi@peuwugu.gp,9288888883,Joe
Josie,Ball,rasotetes@heekor.im,9842748281,Josie
Polly,Brown,fizubeuz@wijurer.tl,8722925575,Polly
Edwin,Copeland,zuvadcab@ji.au,8274529094,Edwin
Jennie,Alexander,lahjotir@ot.er,8547622957,Jennie
Lou,Thompson,ne@od.be,9285454673,Lou
Stella,Matthews,higuh@dun.gu,5256873454,Stella
Bryan,Klein,cof@to.vn,2456322210,Bryan
Lucy,Bowman,recwip@sigjawop.la,1456778413,Lucy
Jorge,Mason,roduw@cilezgan.mu,4666734214,Jorge
Myrtie,Parker,luvemi@cov.bq,1435667845,Myrtie
Nell,Davidson,wip@mitmulog.ps,2467853673,Nell
Sylvia,Bass,ufi@asva.wf,7462919784,Sylvia
Brent,Andrews,met@kutka.is,6743699242,Brent
Jeffrey,Floyd,ne@vo.pe,6774819938,Jeffrey
Lola,Swanson,eghawsop@kozim.kh,7858665731,Lola
Floyd,Turner,nonjimin@wu.ai,7836387644,Floyd
Herbert,Campbell,jivi@ziwna.is,7568999832,Herbert
Roxie,Cook,nontid@zurso.bv,8937463482,Roxie
Ricky,Mann,mahlav@kankaf.su,7376365384,Ricky
Elmer,Owen,udevu@zucvub.cv,7337499921,Elmer
Evan,Carpenter,zitlahlu@vo.sm,9857492070,Evan
Kevin,Keller,liw@howkuv.es,8734638755,Kevin
Marie,Howell,edozefa@linu.je,5683882922,Marie
Millie,Garcia,fepocgi@lufimi.bq,4756582994,Millie
Clara,Poole,lavutehet@beh.tc,8748548928,Clara
Willie,Cook,fuzuz@irenof.tl,2562856858,Willie
